<?xml version="1.0" encoding="UTF-8"?>
<project-private xmlns="http://www.netbeans.org/ns/project-private/1">
    <editor-bookmarks xmlns="http://www.netbeans.org/ns/editor-bookmarks/2" lastBookmarkId="0"/>
    <open-files xmlns="http://www.netbeans.org/ns/projectui-open-files/2">
        <group>
            <file>file:/C:/Users/hp/Downloads/samyaWeb/samyaWeb/src/java/HttpServlet.java</file>
            <file>file:/C:/Users/hp/Downloads/samyaWeb/samyaWeb/web/main.jsp</file>
            <file>file:/C:/Users/hp/Downloads/samyaWeb/samyaWeb/web/META-INF/context.xml</file>
            <file>file:/C:/Users/hp/Downloads/samyaWeb/samyaWeb/src/java/MyServlet.java</file>
            <file>file:/C:/Users/hp/Downloads/samyaWeb/samyaWeb/web/index.html</file>
        </group>
    </open-files>
</project-private>
